-16.759997203568545 , -3.319999021835448 , 1.463877042078443e-05
-16.759996808537622 , -3.319998785649519 , 1.8029089844946962e-05
-16.75999641350715 , -3.319998549469288 , 2.141985157038296e-05
-16.75999601847771 , -3.319998313288299 , 2.4810695384980085e-05
-16.7599956234495 , -3.3199980771046227 , 2.820151549769178e-05
-16.759995228422547 , -3.319997840917686 , 3.159228076333811e-05
-16.759994833396878 , -3.3199976047273223 , 3.4982981820342677e-05
-16.759994438372505 , -3.3199973685334836 , 3.837361602229792e-05
-16.759994043349412 , -3.3199971323361583 , 4.176418266706859e-05
-16.759993648327608 , -3.319996896135342 , 4.515468147824346e-05
-16.759992858287877 , -3.3199964237232464 , 5.1935475751220466e-05
-16.75999206825329 , -3.3199959512972153 , 5.871599929702427e-05
-16.75999127822387 , -3.3199954788572668 , 6.549625262022904e-05
-16.75999009318938 , -3.3199947701712973 , 7.566612696609206e-05
-16.75998890816648 , -3.319994061454125 , 8.583539620715532e-05
-16.75998851316142 , -3.3199938252081465 , 8.922501846771697e-05
-16.759988118157647 , -3.3199935889587104 , 9.261457371204397e-05
-16.75998772315516 , -3.3199933527058207 , 9.600406203783377e-05
-16.759986538155424 , -3.3199926439264487 , 0.00010617212619447052
-16.75998574816203 , -3.3199921713896416 , 0.00011295050235190157
-16.75998535316726 , -3.3199919351160774 , 0.00011633959061737514
-16.75998495817377 , -3.3199916988390754 , 0.00011972861243662251
-16.75998456318157 , -3.319991462558639 , 0.00012311756784026695
-16.759983378212667 , -3.3199907536967452 , 0.00013328403633226142
-16.759982588239815 , -3.319990281105021 , 0.00014006135116085262
-16.759982193255322 , -3.319990044804027 , 0.00014344990958277057
-16.759981798272104 , -3.319989808499615 , 0.0001468384020398988
-16.75998140329017 , -3.319989572191788 , 0.00015022682859437673
-16.75998061333016 , -3.3199890995658974 , 0.00015700348434670246
-16.759979428399753 , -3.319988390601506 , 0.0001671679753816489
-16.759978638452562 , -3.319987917941571 , 0.00017394397515334845
-16.75997824348089 , -3.3199876816065075 , 0.00017733187696362666
-16.7599778485105 , -3.3199874452680507 , 0.0001807197135126854
-16.759977058573554 , -3.3199869725809648 , 0.00018749519083729346
-16.75997626864174 , -3.3199864998803337 , 0.00019427040773803547
-16.759975083753623 , -3.3199857908040284 , 0.0002044327456435094
-16.75997389887703 , -3.31998508169735 , 0.00021459450039761812
-16.75997350392072 , -3.319984845321719 , 0.00021798162269438476
-16.759973108965685 , -3.3199846089427227 , 0.0002213686802887157
-16.759971924108278 , -3.3199838997855666 , 0.00023152946667801626
-16.759970739262357 , -3.319983190598208 , 0.00024168967410810347
-16.759970344316283 , -3.3199829541957206 , 0.00024507628164225845
-16.759969554427965 , -3.31998248138071 , 0.0002518493044918183
-16.759968764544734 , -3.319982008552331 , 0.0002586220715735519
-16.75996797466663 , -3.3199815357106046 , 0.00026539458338614464
-16.759967184793627 , -3.3199810628555477 , 0.0002721668405181075
-16.759966394925716 , -3.319980589987432 , 0.00027893884684134196
-16.759965210133313 , -3.3199798806633942 , 0.0002890964474460469
-16.75996402535222 , -3.319979171313329 , 0.0002992535708171319
-16.75996323550445 , -3.3199786983988524 , 0.0003060247219240012
-16.759962840582443 , -3.3199784619372905 , 0.00030941021823449155
-16.759962445661692 , -3.3199782254728465 , 0.0003127956618105838
-16.75996165582395 , -3.319977752535326 , 0.00031956639103808713
-16.759960865991236 , -3.319977279586304 , 0.00032633690985078406
-16.75996007616356 , -3.319976806625796 , 0.00033310721871611284
-16.759958891431452 , -3.3199760971635284 , 0.0003432622892275484
-16.759958101616323 , -3.3199756241743663 , 0.0003500320750231172
-16.759957706710637 , -3.319975387675496 , 0.0003534168896304708
-16.759957311806204 , -3.3199751511737676 , 0.0003568016520682842
-16.759956522001115 , -3.319974678161747 , 0.0003635710210060836
-16.759955337302877 , -3.31997396862233 , 0.00037372468478483737
-16.759954152615926 , -3.3199732590572935 , 0.0003838778821721834
-16.75995296794025 , -3.3199725494666827 , 0.00039403061446700947
-16.759952178162727 , -3.319972076392092 , 0.0004007988450023767
-16.75995178327585 , -3.319971839850547 , 0.0004041828831016217
-16.75995138839021 , -3.3199716033061697 , 0.0004075668697824524
-16.759950598622705 , -3.319971130208932 , 0.00041433468932010244
-16.759949808860206 , -3.3199706571003906 , 0.0004211023037661784
-16.75994862422584 , -3.319969947416418 , 0.0004312533419078093
-16.759947439602744 , -3.3199692377070913 , 0.00044140392101230715
-16.759946254990894 , -3.3199685279724567 , 0.0004515540424481121
-16.75994586012278 , -3.3199682913886295 , 0.0004549373146901139
-16.759945070390298 , -3.3199678182125627 , 0.0004617037072356136
-16.759944280662832 , -3.3199673450252893 , 0.00046846989736915734
-16.759943490940362 , -3.319966871826824 , 0.0004752358856300164
-16.759942306366018 , -3.319966162008169 , 0.0004853844900852835
-16.75994151665603 , -3.319965688781782 , 0.0004921499749675816
-16.759941121802914 , -3.319965452164408 , 0.0004955326421078311
-16.759940726951047 , -3.31996521554425 , 0.0004989152590944987
-16.75994033210042 , -3.319964978921309 , 0.0005022978260765368
-16.75993954240292 , -3.319964505667085 , 0.0005090628098888475
-16.759937963022903 , -3.3199635591253207 , 0.0005225921786683385
-16.75993717334037 , -3.319963085837814 , 0.0005293565650303666
-16.759936778500986 , -3.319962849189895 , 0.0005327386839194634
-16.759936383662836 , -3.3199626125392 , 0.0005361207533421521
-16.759935988825937 , -3.3199623758857326 , 0.0005395027733212308
-16.750263346783463 , -3.319971200993997 , -1.3493477417954656e-05
-16.7202515031931 , -3.3199549662562924 , 0.0024740453159154026
-16.698404146003302 , -3.319813223717984 , 0.009418755555782976
-16.676357066447483 , -3.319459078524121 , 0.019773052411093915
-16.654660572045366 , -3.3188409890412647 , 0.03466929721537327
-16.632898945638185 , -3.317814070204078 , 0.05113891633328501
-16.600019215641947 , -3.315656753631242 , 0.07303364346134174
-16.56699158153913 , -3.3127548071683126 , 0.09196229301062997
-16.534404064048413 , -3.3092801617764445 , 0.1111333230854884
-16.512699290210655 , -3.3066549809096184 , 0.12458473973709917
-16.501794699718737 , -3.3052267901258032 , 0.13057185719966088
-16.490996357244295 , -3.3037526707720533 , 0.13675915087473428
-16.480477492896803 , -3.3022489332400644 , 0.14286854551188483
-16.448310200278414 , -3.297109636718406 , 0.16267245908741196
-16.415905084769644 , -3.291389796372202 , 0.18212529566290295
-16.405084432244298 , -3.2893031786753055 , 0.1885880470730178
-16.383710302932325 , -3.285025531082961 , 0.19993444834636814
-16.362862122007776 , -3.280668394554851 , 0.2087693915468205
-16.34156608930616 , -3.275980552175275 , 0.21842664866527087
-16.309574424344465 , -3.2685850443901274 , 0.23246474061978015
-16.288281686441042 , -3.263392015204046 , 0.24293797230484715
-16.277595328100233 , -3.2606750034628713 , 0.24913334399894363
-16.267010140513584 , -3.2579439985648984 , 0.25457771427869014
-16.245829914009565 , -3.252282592003058 , 0.26499729523854737
-16.22449442773606 , -3.2463765741098114 , 0.27438961687586483
-16.192599739071447 , -3.2371054612648087 , 0.28938167755038174
-16.171505505706104 , -3.2306774495807944 , 0.29891578199698665
-16.161112690736356 , -3.2274543642909337 , 0.30354751819509207
-16.150692687909004 , -3.2241356420136644 , 0.30873683070578256
-16.129891272764496 , -3.2173648067717666 , 0.3191839120211716
-16.10994340108887 , -3.210667706370295 , 0.32772911515438957
-16.07926223423097 , -3.199835851817415 , 0.3442388628606856
-16.058730672069235 , -3.192343671031984 , 0.3549005668764076
-16.048491949812366 , -3.188520965377119 , 0.36010446946180347
-16.038263927961374 , -3.184599739733379 , 0.3659867188991306
-16.01778794562547 , -3.176598555721137 , 0.3781253589627485
-15.987198093142032 , -3.164080266426035 , 0.39371626323137926
-15.966951527686538 , -3.155529953432794 , 0.40288789350893833
-15.956866121609538 , -3.151203478679307 , 0.4076083267862081
-15.946927535674245 , -3.146893797017714 , 0.4112724601433746
-15.937281967834823 , -3.142653799195662 , 0.4149234847229496
-15.917979521268888 , -3.133994007871148 , 0.42280397531707836
-15.888087664557176 , -3.1201545093157357 , 0.437328339873322
-15.858942862337264 , -3.1063441990623724 , 0.4484872435618658
-15.839436804711923 , -3.0968729615774837 , 0.4554725783808866
-15.819728970314976 , -3.087119987670291 , 0.4634671050264961
-15.800067015591607 , -3.0771946248345587 , 0.4711304455819476
-15.780513930076813 , -3.067130429655524 , 0.4795767614442306
-15.761068258799336 , -3.0568747684572166 , 0.488867495828355
-15.72238834832186 , -3.0358706593436975 , 0.5059663625864592
-15.703211692342327 , -3.025127022766603 , 0.5133618234609905
-15.69363062749216 , -3.019713239917927 , 0.5161869922852842
-15.684079195487941 , -3.0142767333814366 , 0.5189085900632976
-15.664999352657345 , -3.0032997096611838 , 0.5242999116557052
-15.645990389736744 , -2.9922269091953932 , 0.5308327101462543
-15.627074274242498 , -2.9810282231427134 , 0.5368198427173156
-15.59880418006752 , -2.963966534326675 , 0.5469550106023355
-15.570739061462266 , -2.946651600034696 , 0.55735154811218
-15.54283017844879 , -2.9290432933351944 , 0.5670020641548541
-15.524312311872142 , -2.9171785693641037 , 0.5734227116783631
-15.515086695192043 , -2.911198503723591 , 0.576347137508881
-15.505872165439504 , -2.9051724700326025 , 0.5792908623241289
-15.487505388112943 , -2.8930890390780104 , 0.5848172554595177
-15.46919912106966 , -2.880890036292677 , 0.5906317035762444
-15.441847590055911 , -2.862414693108986 , 0.5965386715115365
-15.423657144922197 , -2.850029942152493 , 0.600139182338298
-15.414589946620481 , -2.8438029879426314 , 0.6033722771504786
-15.40555302359913 , -2.8375151461705914 , 0.6066454031843264
-15.387515690584076 , -2.8249265427841017 , 0.6108818967440893
-15.369503525456572 , -2.8122932908803073 , 0.6145437007133998
-15.351582452247463 , -2.7995514922192686 , 0.6207119566676169
-15.324818648736155 , -2.780268148854495 , 0.6273230711617676
-15.29816576895638 , -2.7608272994872274 , 0.631948424359691
-15.280450061978623 , -2.7477968879175405 , 0.635329161466585
-15.262752398530456 , -2.734716061030204 , 0.6386196676218951
-15.236923886589985 , -2.7154508140578644 , 0.6427970544569064
-15.22001756963212 , -2.702730298607329 , 0.6460298274563251
-15.211231773863512 , -2.696108491110208 , 0.6475073742541099
-15.20246321992454 , -2.6894555408431744 , 0.6491818385987668
-15.193708569752124 , -2.6827908249703296 , 0.6508626799062145
-15.167474008356503 , -2.6627301386155353 , 0.6550882586489174
-15.14134846949081 , -2.6425659412383373 , 0.6595762917166417
-15.115305600663737 , -2.622295131895449 , 0.6619708535941542
-15.097950288138223 , -2.6087710674833313 , 0.6619680878979314
-15.081185362156011 , -2.5957067710881425 , 0.6619788130556902
-15.072923767871567 , -2.5892683021765697 , 0.6619851571380574
-15.04714736979775 , -2.5692122261501065 , 0.6596919357740145
-15.029920542102392 , -2.555867960458718 , 0.6576760642348931
-15.021646227213758 , -2.5494845575309193 , 0.6566831953903023
-15.013348489057911 , -2.5430974551806145 , 0.6553274787857064
-14.996136768636603 , -2.5299034681419195 , 0.6524133175560931
-14.97863858513246 , -2.5165693757937047 , 0.6497132722230162
-14.969879014363451 , -2.5099323415284154 , 0.6483470053934063
-14.943538142540579 , -2.4900779259176975 , 0.6441439323845141
-14.909517368849786 , -2.464683382158288 , 0.6387917736022712
-14.891846221903652 , -2.451606055497092 , 0.6361408899582524
-14.88299461336009 , -2.4450866973326697 , 0.6347423703446752
-14.874292652785664 , -2.438679459918534 , 0.6339374054797644
-14.857510663971073 , -2.4263703354039254 , 0.6313120118476951
-14.841436582185242 , -2.4146499512645385 , 0.6285570458219428
-14.825331888555265 , -2.4029767128233104 , 0.6256852372847416
-14.809799126675511 , -2.391790190021125 , 0.6232593985763238
-14.795075029967943 , -2.381224347299471 , 0.621101735342433
-14.773905389351757 , -2.3661459981562185 , 0.6167565748880972
-14.752792033593256 , -2.351237400076733 , 0.6129247796319207
-14.745702432566338 , -2.346252135601307 , 0.6117768206732157
-14.732001840849845 , -2.336648380035042 , 0.6094543505587675
-14.711388783933128 , -2.3223181150077163 , 0.6053983370388689
-14.697821459795962 , -2.3129474724065098 , 0.6031498196601279
-14.691372823641679 , -2.308507249874568 , 0.6020479996765896
-14.684918860479307 , -2.3040693725803805 , 0.6011138235521616
-14.67258856779501 , -2.2956463063814776 , 0.5983856491815296
-14.660488513696691 , -2.2874197044711293 , 0.5959763729006936
-14.648535679315527 , -2.279317463883539 , 0.593121731827444
-14.637263580683204 , -2.2717620081314727 , 0.5880987119588704
-14.620287639600187 , -2.2605127541386847 , 0.5813793605039407
-14.608938890671093 , -2.2530666328539644 , 0.5792574168368688
-14.603248874302025 , -2.249352935594829 , 0.5780787814285103
-14.597566856819396 , -2.245649285314089 , 0.5768619003258072
-14.591876078396119 , -2.2419519212632415 , 0.5756226401559841
-14.575970397063482 , -2.2316465648359034 , 0.5704843274498176
-14.566334357034254 , -2.225462629525526 , 0.5660507087383961
-14.561491102672882 , -2.222411673111645 , 0.5629721087578496
-14.556643500213905 , -2.219354716976084 , 0.5602451861692477
-14.546907004157353 , -2.213298241552996 , 0.5572982737728257
-14.53228673973771 , -2.204230111085381 , 0.553628332934168
-14.51763575393431 , -2.195220154463933 , 0.5497833078100715
-14.508463906240092 , -2.189623122476805 , 0.5477168575912996
-14.504153086366884 , -2.186986950888118 , 0.5461974065940178
-14.50015776187757 , -2.184565441586962 , 0.5442212174194254
-14.49153202304733 , -2.1793874530367034 , 0.5405501943275548
-14.483248381030679 , -2.1744263041534384 , 0.5382915547937256
-14.475196755434885 , -2.1696279804348544 , 0.5358491142000106
-14.471168394796058 , -2.167249030167535 , 0.5346099006680907
-14.46713956312834 , -2.1648595470807583 , 0.5334200167551502
-14.45502832357819 , -2.1577423806137053 , 0.5296755493158104
-14.446938382618486 , -2.153015137815118 , 0.5270227705166496
-14.443080865118315 , -2.1507633490326583 , 0.5258661455725647
-14.439480971991312 , -2.1486803028998316 , 0.5246457110479377
-14.435884464528854 , -2.1466020826959076 , 0.5234311204796828
-14.428680856501463 , -2.142460649301732 , 0.5211656143946223
-14.421470520663227 , -2.138327450583284 , 0.518955291903283
-14.410814048021365 , -2.1322675681466894 , 0.5154187693132968
-14.404503550512171 , -2.1287079649420626 , 0.5128818159000119
-14.401340968336902 , -2.126923714482696 , 0.5117062219632958
-14.398176816730228 , -2.1251563672264133 , 0.5102997075580745
-14.391830857868273 , -2.1216143161863754 , 0.5074744951509467
-14.382310217236851 , -2.1163450804469344 , 0.5037587162757672
-14.372769542661425 , -2.1111060297520443 , 0.5002904307934727
-14.36977406622276 , -2.1094631892114735 , 0.4994692063602931
-14.364314960882467 , -2.10650425353609 , 0.49717613396893806
-14.35886914474653 , -2.1035477113783365 , 0.4949467710547555
-14.353426056644086 , -2.100608837955538 , 0.4929099001492348
-14.345221598221745 , -2.096228282850452 , 0.48887582782194766
-14.339744708083073 , -2.0933263387482923 , 0.48640539908596164
-14.337112840431244 , -2.09193155808048 , 0.484901339757075
-14.334696491468256 , -2.090639704500691 , 0.4824494875363855
-14.330106759530484 , -2.088257081123146 , 0.4756886068770875
-14.325516322958242 , -2.0858989841791438 , 0.47277737746148796
-14.315355634111537 , -2.0807685668045237 , 0.4685460203806254
-14.299725834092266 , -2.0729329920005632 , 0.4702556577138298
-14.291381734307068 , -2.0686086836034403 , 0.47491853950693946
-14.282868314347358 , -2.0642371509095296 , 0.4814304102421304
-14.264721304311916 , -2.05446930950337 , 0.4966463838833965
-14.245816961902062 , -2.0440455916288296 , 0.5119852344523905
-14.21758398019777 , -2.027861653974516 , 0.5314528710104321
-14.199283772052159 , -2.016988024041692 , 0.544636563078493
-14.190132852868324 , -2.0114436620916507 , 0.5521809014404281
-14.180955758674955 , -2.0058271275252872 , 0.5598374041893757
-14.171862186198197 , -2.000189587082962 , 0.5684224992749691
-14.145225836248509 , -1.9828061773410557 , 0.5932322425103892
-14.128042628844316 , -1.9711253139931515 , 0.6093711705028226
-14.119315377946547 , -1.965025372563143 , 0.6169322233042042
-14.11047900673496 , -1.9588122105300796 , 0.6251035320408938
-14.084741867860556 , -1.9400090279299176 , 0.6495104398083652
-14.067807278211607 , -1.9271118295954897 , 0.6625373980505123
-14.053658994266033 , -1.9161154598526469 , 0.6691593663329667
-14.029467065993515 , -1.8968535758529494 , 0.6811508695802059
-14.014713612074281 , -1.8848558830075024 , 0.6895902215235262
-14.001832835186828 , -1.8742591835993783 , 0.7000851404948975
-13.98935319920933 , -1.8636495731985792 , 0.7134445697199785
-13.967753849935564 , -1.844384557277002 , 0.7351108116914427
-13.951916810848275 , -1.8299220524454791 , 0.7518647083446461
-13.943976772553693 , -1.8224904595380322 , 0.7598512017372753
-13.936064785365486 , -1.815056745616146 , 0.7678290196711527
-13.928434433994882 , -1.8076971885478164 , 0.7757550748950405
-13.913326444477121 , -1.7926374030852503 , 0.7910643730417716
-13.890348724831204 , -1.7692713233955302 , 0.8150429634573696
-13.868216865674848 , -1.7456814588948153 , 0.837889317557451
-13.86103663293023 , -1.737744501408436 , 0.8452051445250808
-13.846722973642976 , -1.7216329594313917 , 0.8603311214245202
-13.832729580889934 , -1.7051160710340685 , 0.8771136284489983
-13.819001394313696 , -1.688594581254604 , 0.8935926101280126
-13.80535229805478 , -1.6714681745666002 , 0.9094856846427742
-13.785509596518034 , -1.645516374006235 , 0.9320542618889153
-13.772596362508114 , -1.6280179618354866 , 0.9461742356549755
-13.766296423004585 , -1.61923893555485 , 0.9538940588262267
-13.759999843129005 , -1.6103538079776611 , 0.96155727214936
-13.753772351774344 , -1.601347456381644 , 0.9698334232406767
-13.735711397577228 , -1.574531645286285 , 0.99504022814547
-13.718866412028516 , -1.547933451769243 , 1.0186250257984168
-13.713268721953154 , -1.5388153430073233 , 1.02698837488009
-13.702181855402841 , -1.520131991489062 , 1.0450168574950363
-13.691571906857343 , -1.5014225060541293 , 1.0612566385954347
-13.681462481016304 , -1.4830328756510238 , 1.0762812215467494
-13.671427391596293 , -1.4640076542873262 , 1.0919321168274738
-13.656688601110147 , -1.4346319103707827 , 1.1152921917424004
-13.642556433657207 , -1.404943782826809 , 1.139021384936723
-13.62961286304803 , -1.3760394803005582 , 1.164177144875273
-13.617784695272622 , -1.3476017220533203 , 1.189489780833149
-13.61401294680944 , -1.3379640251570966 , 1.1986689212350714
-13.610334984080703 , -1.3283709620704651 , 1.2074955229772997
-13.606782553468099 , -1.319025149681191 , 1.2156792039543034
-13.596809233080673 , -1.2908699221801225 , 1.240920000715268
-13.58752387575963 , -1.2616755640495998 , 1.2696783799853597
-13.584680606292144 , -1.2519838738142497 , 1.2801565800568884
-13.579205458736238 , -1.232936142325042 , 1.3004935778403568
-13.574269846141146 , -1.2142809979241767 , 1.3194687235583809
-13.569872708900458 , -1.1958386575835016 , 1.3384497477287736
-13.56585269157429 , -1.1774919993032313 , 1.3582648529974901
-13.562220647385281 , -1.1592838718565872 , 1.3791383022624648
-13.559198133886508 , -1.141302764392675 , 1.4000374044876234
-13.556592417867813 , -1.1235440324834693 , 1.4217290152990627
-13.554378978313425 , -1.1059004613341905 , 1.443438685912324
-13.552596437171736 , -1.0890548890568679 , 1.465517969172837
-13.55075662105951 , -1.0643075105440933 , 1.498371092863679
-13.550078507678572 , -1.0477567348197445 , 1.520608547678669
-13.549851479602959 , -1.0394404851179169 , 1.532106274991167
-13.549669322195397 , -1.0311924808820714 , 1.5430347982586066
-13.549576669775316 , -1.0229038075532517 , 1.553701777451994
-13.54978061282432 , -1.0064817615407413 , 1.576974523702677
-13.55083255359612 , -0.9820977852910897 , 1.6130828944598263
-13.552999928117936 , -0.95761531283196 , 1.6554581460698916
-13.55498140782364 , -0.9417770389449299 , 1.6865323917201531
-13.556166233822218 , -0.9339912060225232 , 1.7017994714528355
-13.557405813378047 , -0.9262591119500303 , 1.716965025256969
-13.5585810631382 , -0.9187115707177423 , 1.7311830508925536
-13.561228263437782 , -0.9042641140302702 , 1.7569030500899663
-13.566123065641479 , -0.8826816726642687 , 1.79431202185651
-13.569729744062368 , -0.8685048494986727 , 1.8176657473387903
-13.573409685601398 , -0.8551208813192404 , 1.8380724287142511
-13.577211182126376 , -0.8421863975525673 , 1.8564375299922975
-13.58112495619131 , -0.8296717107694745 , 1.8758741953310172
-13.585135996363846 , -0.8177098199390974 , 1.895562451313625
-13.591272366922857 , -0.8008690512620819 , 1.9262488074371886
-13.595474738692618 , -0.7899773808813356 , 1.9462247133149277
-13.602733335295685 , -0.7733399500695184 , 1.9794818004945782
-13.607797820228603 , -0.7622869124809191 , 2.0020984389917165
-13.61314427889827 , -0.7513424304339313 , 2.0246332106808875
-13.618569887911907 , -0.7405727887353 , 2.0453627002936683
-13.626660958103956 , -0.7252226270023245 , 2.073218900924266
-13.632051822613052 , -0.7155739244730764 , 2.089579102129934
-13.637288289695645 , -0.7065618126099098 , 2.1047346739869868
-13.644349851784957 , -0.6946879707878001 , 2.126612074828918
-13.64925138354368 , -0.6871021094408747 , 2.1418407709315397
-13.651785175402795 , -0.683212596735685 , 2.149292482318005
-13.654299545671686 , -0.6792908579243533 , 2.1566072138564563
-13.65953866778877 , -0.6715893405080764 , 2.170897461604107
-13.664587415154823 , -0.6640726791449425 , 2.187315294709817
-13.669636817240947 , -0.6570449001824652 , 2.2037612189612665
-13.674675696252066 , -0.6501976274457291 , 2.2209975884333244
-13.682220037636272 , -0.6403618304984496 , 2.2468167916490844
-13.690091032546073 , -0.6306515215655683 , 2.2711711622147472
-13.697734983355737 , -0.6215868348649933 , 2.2949124461931145
-13.702556101969858 , -0.6160742210884577 , 2.309424776233289
-13.70724153761713 , -0.6108628309562216 , 2.3242166502194133
-13.709570276149794 , -0.6082642005034327 , 2.3322402844258106
-13.714237684669984 , -0.6033286055426273 , 2.3481368438952877
-13.721683433130687 , -0.5958032583895191 , 2.371035226255707
-13.7285223410322 , -0.5890679343475744 , 2.3937824897563287
-13.734178021428578 , -0.5837027926347894 , 2.414294520773014
-13.738085184513057 , -0.580193436355794 , 2.42734798225613
-13.742350911945207 , -0.5764855025974707 , 2.4412083347566482
-13.746416393597377 , -0.5730559750142328 , 2.455448389719454
-13.75274199158341 , -0.5677973099708852 , 2.4790000531223817
-13.756031097506195 , -0.5652186781039947 , 2.4905935042353318
-13.757545957573 , -0.5640675626916388 , 2.4962840172882768
-13.759039684730878 , -0.5628957791092812 , 2.502284446509605
-13.76219174906678 , -0.5605592353868097 , 2.513601478982255
-13.7655759907344 , -0.5581355091041548 , 2.5253022396527234
-13.770426931022367 , -0.5547310199621437 , 2.5435180873791823
-13.773796114363074 , -0.5524036066765834 , 2.5556799947125928
-13.77548894687726 , -0.5513031506733697 , 2.561639533944898
-13.777078038158539 , -0.5502749869131363 , 2.567574873269103
-13.780370489777582 , -0.5482002638817115 , 2.5805923992035944
-13.783708349100849 , -0.5461161725004983 , 2.594204139855428
-13.788510662805079 , -0.5432137450452043 , 2.617541298106434
-13.791776334520739 , -0.5413937162647358 , 2.634652825599867
-13.793371794276743 , -0.5405657594780998 , 2.642754524076055
-13.794801253587947 , -0.5398126989106573 , 2.650637726452701
-13.796162498909714 , -0.539025838919542 , 2.659211974102934
-13.798932125470731 , -0.5376348937790036 , 2.6743460665583676
-13.802784582830036 , -0.5357930722091554 , 2.6959444899852154
-13.805524623361135 , -0.5345263740384232 , 2.7111625204082035
-13.806820406045343 , -0.5339332676838044 , 2.7187392490781663
-13.808108489972822 , -0.5333572151329834 , 2.72659921941671
-13.810616831775706 , -0.5322856806093368 , 2.741474420824064
-13.814690420445341 , -0.5307126428969395 , 2.7625734354787608
-13.815906188312411 , -0.5302564828421605 , 2.768936183008579
-13.817136085602066 , -0.529834822913673 , 2.7758048009330287
-13.818389942801993 , -0.5294077976921816 , 2.7833571345848642
-13.822364537739828 , -0.5281126048242509 , 2.805732700351859
-13.82496802749022 , -0.5272656573136822 , 2.8206670885002136
-13.826155399637344 , -0.5268652983181846 , 2.8278591842600913
-13.827354027380972 , -0.5265270299414867 , 2.8350828950755345
-13.829881414061836 , -0.5258123911760618 , 2.85050877529643
-13.832417191919266 , -0.5251391645888422 , 2.867721354684959
-13.834935328564159 , -0.5244882354287224 , 2.886852323356582
-13.838065972174268 , -0.5238541439470032 , 2.9102061024577255
-13.839762173715558 , -0.5235156882349609 , 2.9244915416664425
-13.840560615130936 , -0.5234240328686381 , 2.9321647080708724
-13.841452085075264 , -0.5232837753348133 , 2.940251132569543
-13.842345624683674 , -0.5231272739738068 , 2.948426734255123
-13.844853857782855 , -0.5227700795937423 , 2.97258379724542
-13.8472599109682 , -0.5224457716024788 , 2.993167189615206
-13.848833440023023 , -0.522279195803259 , 3.005869991340887
-13.849629940808214 , -0.5222195531534467 , 3.0121550876282
-13.850454209597801 , -0.5221228625800141 , 3.0181537976278254
-13.851329238570399 , -0.5220436230216101 , 3.023862244162965
-13.852334578093162 , -0.5219782693545838 , 3.0298659428079056
-13.855296875423571 , -0.5218725806758748 , 3.05081814657558
-13.857323519196667 , -0.5218546395997705 , 3.066847014894865
-13.858343594004937 , -0.5218683770049107 , 3.0750004557049317
-13.85937756120181 , -0.5218856151106077 , 3.083563385436279
-13.86032079268645 , -0.5218686169859322 , 3.0922068191439775
-13.863356830690678 , -0.5218727814794161 , 3.1175281997358337
-13.86419686810559 , -0.5218793801793891 , 3.125568021886681
-13.865102044038036 , -0.5219327984989363 , 3.133619668345833
-13.865932321562392 , -0.5219597031758101 , 3.1411598904797198
-13.868908325484817 , -0.5221345734168239 , -3.118300608146755
-13.870984022428377 , -0.5223560035983673 , -3.1030169480166854
-13.871936467352466 , -0.52241164205824 , -3.100071551885021
-13.872875452024125 , -0.5224802453015915 , -3.0958639027181403
-13.874966233451854 , -0.5226904211152849 , -3.084706092232002
-13.876978830844163 , -0.52280588183202 , -3.08375883921337
-13.878976579867361 , -0.5229216323465978 , -3.0837635124039013
-13.881704824694564 , -0.5230757344059778 , -3.0836477183362674
-13.881736932005017 , -0.5230920982376407 , -3.0777192915990064
-13.881745774757878 , -0.5231157154668651 , -3.0752462271146133
-13.88212623519181 , -0.5231753038382808 , -3.0701734355193637
-13.885101539462031 , -0.523393839094402 , -3.072898824910367
-13.887084513643233 , -0.5235330851531913 , -3.0753000487507145
-13.88808196800215 , -0.5236050250918937 , -3.0765134188483017
-13.888847005209644 , -0.5236459486183472 , -3.0776800949736955
-13.88899039565113 , -0.5236723760219991 , -3.0741472223347905
-13.888982547579097 , -0.5236694089644802 , -3.070975071369156
-13.888974878712782 , -0.5236840263595592 , -3.0676014917061782
-13.888983449434388 , -0.5237084685218835 , -3.056971703911713
-13.889080913840672 , -0.5237371514856776 , -3.0516374721164095
-13.889252803832619 , -0.5237690250497051 , -3.0474946108838012
-13.88927256368336 , -0.5237791316963655 , -3.0445927512243136
-13.889266068104988 , -0.5237897586053353 , -3.035865717678638
-13.889236487903243 , -0.5237868340716336 , -3.0307155278083466
-13.889235000255862 , -0.5237974954828761 , -3.0265228670190214
-13.889246649326626 , -0.5238384836045731 , -3.0216892285166845
-13.88923360325319 , -0.5238600004709796 , -3.0162666119211354
-13.889225596126074 , -0.5238676432539212 , -3.008600449875802
-13.889213637806835 , -0.5238768576441882 , -3.001331133041288
-13.889223784532064 , -0.5238852341528798 , -2.9939922988790633
-13.889230941024232 , -0.5238930878236081 , -2.9916192140164317
-13.889220558229717 , -0.5238955715758088 , -2.9892199204433934
-13.889212422318598 , -0.5239387270440377 , -2.982530379101592
-13.889197949516802 , -0.5239445219468798 , -2.9778993897402555
-13.889191696662982 , -0.5239604655858776 , -2.9756063692252632
-13.889186150303937 , -0.5239534827028459 , -2.973548198113212
-13.88917744205584 , -0.5240113783577734 , -2.9684648733023633
-13.889192548016087 , -0.5240266670642493 , -2.9618736293505803
-13.889194388582588 , -0.5240215986998085 , -2.9556642655773984
-13.889175290970703 , -0.5240385094908023 , -2.9533162237120223
-13.889186269101922 , -0.5240443106892649 , -2.9510209455987777
-13.889169339810007 , -0.5240653518981028 , -2.944341803543414
-13.889175753817229 , -0.5240569792364036 , -2.939978286321694
-13.889158172587313 , -0.5240615524718603 , -2.9350383717102364
-13.889166566536936 , -0.5240585415905381 , -2.9325667585000077
-13.889180989193138 , -0.5240558350727695 , -2.926438926135007
-13.889189244878393 , -0.5240830682944131 , -2.9198786814680924
-13.889195677103608 , -0.5240892880785291 , -2.91765450407008
-13.88920207753758 , -0.5241117638162625 , -2.9125941023003423
-13.889187386709347 , -0.5241296201666764 , -2.9075286656171735
-13.889201906386196 , -0.5241374140584767 , -2.902868639062649
-13.88920782806489 , -0.5241411406466481 , -2.897871766689915
-13.889179497033647 , -0.5241662018503412 , -2.8907123857882304
-13.889185957679517 , -0.5241599124336709 , -2.888074706458135
-13.88916914324064 , -0.5241678106440577 , -2.8856603352318633
-13.889176524115303 , -0.5241628832711916 , -2.8809350125006166
-13.88917042672881 , -0.5241835533122245 , -2.8758602410118597
-13.889180035657494 , -0.5241997682117223 , -2.8687420780057766
-13.88917834494221 , -0.5242121347956787 , -2.864369457235621
-13.88917934594683 , -0.5242066615799138 , -2.8621299984322834
-13.88916211983524 , -0.5242152643987057 , -2.8597720036399146
-13.889159412386942 , -0.5242371649364324 , -2.8549271734123973
-13.889170885667115 , -0.5242425199443904 , -2.850062495414211
-13.889174740253505 , -0.52424109376429 , -2.8453376877888785
-13.889172879953264 , -0.5242463237359506 , -2.8379294310350334
-13.88944219493653 , -0.5243312785262826 , -2.831729850545664
-13.89104606944909 , -0.5248538397611472 , -2.8363233852522245
-13.891973404811644 , -0.525129965526181 , -2.8400147097531026
-13.89288736976021 , -0.5253906078967658 , -2.844227153927824
-13.893653360958433 , -0.5256422647541117 , -2.8478029038945714
-13.893791863683907 , -0.5256854249503606 , -2.8445385206253517
-13.893785707215434 , -0.5256876974539239 , -2.8424477425132455
-13.893770324752925 , -0.5256766799628358 , -2.8400884485188613
-13.89375108195653 , -0.5257017646986547 , -2.835329307894139
-13.893747971029908 , -0.5257225193968593 , -2.828148473910221
-13.893752016407195 , -0.5257218814109521 , -2.8233963062495833
-13.893760531521405 , -0.5257194363079423 , -2.8187282399119344
-13.893760436028597 , -0.5257207981890258 , -2.8139451197804264
-13.893771415850077 , -0.5257337249638274 , -2.8096510520169025
-13.893741546513287 , -0.5257397172289016 , -2.8029577312433687
-13.893723493750946 , -0.5257726173894043 , -2.7976656622130025
-13.89372645336141 , -0.5257725331208958 , -2.7954540313576524
-13.893720340312989 , -0.5257725505475367 , -2.7935201483021768
-13.893719294186248 , -0.5257739471516842 , -2.791164251272047
-13.893734195848975 , -0.5257780561927426 , -2.785021374209282
-13.893735196910223 , -0.5257654757930669 , -2.7803072789382894
-13.893744347276618 , -0.5257685574628819 , -2.7781048117939795
-13.893738142784233 , -0.5257669773475078 , -2.775786086897531
-13.893723481801102 , -0.5257716852078299 , -2.7711688331148645
-13.893718534158326 , -0.5257923930397939 , -2.7642915401391632
-13.89371386155146 , -0.5257926298415977 , -2.7594349460893275
-13.8937078516417 , -0.525795217336244 , -2.7569863255066407
-13.893708814239277 , -0.5257967189898074 , -2.754754589252086
-13.893707363241477 , -0.5257901349849872 , -2.752599041305224
-13.893685247475574 , -0.5258039133726853 , -2.7479173513360684
-13.893691766667668 , -0.5258007967305678 , -2.742948346179294
-13.893677938090937 , -0.5258116247283484 , -2.73549399404681
-13.893649876942575 , -0.5258184511733809 , -2.7263672641619987
-13.893658073631654 , -0.5258112513943692 , -2.7215635363876256
-13.893648910799948 , -0.5258123845177305 , -2.71928549615336
-13.893652199442707 , -0.525812356337612 , -2.7170708426638277
-13.893654343625638 , -0.5258131794592098 , -2.712982571557837
-13.893647162852156 , -0.5258193728668397 , -2.708371721886298
-13.893660640316115 , -0.5258246440747651 , -2.7039968154853304
-13.893635172124217 , -0.5258495989471698 , -2.696691169306763
-13.893619231942484 , -0.5258673951733497 , -2.689514048902004
-13.893607596109609 , -0.5258603873514934 , -2.683131003803486
-13.893602311190438 , -0.525864088760254 , -2.6784581460338197
-13.893590712460496 , -0.5258797522371756 , -2.6759040658725626
-13.893595535116845 , -0.5258850032417375 , -2.6736222927143385
-13.893591505047514 , -0.5258938117474685 , -2.6713932965980853
-13.893572864047776 , -0.5258778694955488 , -2.667197546404722
-13.893825793597532 , -0.5260481343326605 , -2.6605802541528325
-13.895574311316805 , -0.5269663489642517 , -2.655022309458048
-13.896443024676826 , -0.5274326988034205 , -2.6517839244219865
-13.897321489218799 , -0.5279132335459105 , -2.648886008658643
-13.898198096957868 , -0.5283811518849135 , -2.6463588821441513
-13.89994943650601 , -0.5293573915793265 , -2.63974112167734
-13.901864765644605 , -0.5304247380285848 , -2.6368239579171093
-13.905888441910163 , -0.5326882053302815 , -2.6290080021497313
-13.908548787133718 , -0.5342157193579028 , -2.6234533405478513
-13.910340817734772 , -0.5352760646975695 , -2.620766058909848
-13.91443479543137 , -0.5376861455062184 , -2.6185898968585533
-13.92941209774922 , -0.546398647311173 , -2.6164765610305922
-13.94719861735791 , -0.556760768889125 , -2.62182382522331
-13.961411228410979 , -0.564848148436369 , -2.6286439712489678
-13.988145963953976 , -0.5796810065860445 , -2.6426700981206097
-14.016933823068177 , -0.5949488964279236 , -2.6631572375602537
-14.026643268835612 , -0.5999306251625992 , -2.669789735119181
-14.046199007182256 , -0.609713897444557 , -2.6835423107270424
-14.075891800071751 , -0.6238813122441442 , -2.7056160072135795
-14.095905544862768 , -0.632975111161246 , -2.719789301284485
-14.105825257661804 , -0.637419587465003 , -2.7264641314389277
-14.115852905882466 , -0.6417616579325138 , -2.7333594244332087
-14.125888377564328 , -0.6460444521842378 , -2.740164641305186
-14.156200207944936 , -0.6584706224093335 , -2.758934591708805
-14.18668115750918 , -0.6703853435160136 , -2.776459456820003
-14.197040399913302 , -0.674262573564211 , -2.782615574658091
-14.217654657141525 , -0.6818103322787955 , -2.794073418118578
-14.228055745843804 , -0.6855069663351459 , -2.7995860947985056
-14.238402239510258 , -0.689153811953519 , -2.8055502943997515
-14.248686982027184 , -0.6927548692013584 , -2.8117555459860175
-14.279826152479941 , -0.7030825995612269 , -2.828790404292577
-14.300488730726391 , -0.7096117995399778 , -2.8395496090933126
-14.31089978502351 , -0.7128023454311365 , -2.8451869543935286
-14.32132836798145 , -0.7159493974240357 , -2.850765856799704
-14.331635907111867 , -0.7189957069391016 , -2.856310878965009
-14.352479027484444 , -0.7249173673931757 , -2.8678599137526564
-14.38403560400326 , -0.7334572402541387 , -2.88640814560957
-14.405091270194854 , -0.7386998186793831 , -2.900554926431789
-14.415606871102053 , -0.7412099742023389 , -2.90764533603448
-14.426183699432235 , -0.7436871131832833 , -2.914267303023151
-14.436757001866049 , -0.7460851490678642 , -2.921699697665865
-14.458137254094153 , -0.7506516693383857 , -2.938530371054689
-14.490773314468527 , -0.756693806637462 , -2.9637877608895513
-14.512471210311228 , -0.7602168118846455 , -2.98179601059491
-14.523299449436665 , -0.7618084712455141 , -2.9912699296188174
-14.534193816844931 , -0.7632963128356862 , -3.0003599638390077
-14.565769395296591 , -0.7673619570054211 , -3.0222196611413987
-14.597425797776605 , -0.7706588958779759 , -3.0427995808073818
-14.619127113075038 , -0.7725103359746964 , -3.0582894992670497
-14.629989112098803 , -0.7732682481601151 , -3.0664833740543735
-14.640850535802677 , -0.7739800604066269 , -3.0751340735878574
-14.662829097328059 , -0.7751114431706156 , -3.0920196547979457
-14.684802563174241 , -0.7759273755496422 , -3.1078559063454776
-14.716433573614887 , -0.7765329647996344 , -3.1283265362489607
-14.738157581009252 , -0.7766154016635071 , 3.139903707120411
-14.760038285340475 , -0.7763878167397897 , 3.1248008359397246
-14.782011453558766 , -0.7757209442704757 , 3.108301892241406
-14.803869726748172 , -0.7743887514313382 , 3.0862077093691354
-14.825726496105863 , -0.7725275659441907 , 3.062889212731224
-14.858468712164298 , -0.7690423019997776 , 3.034218060785394
-14.880223653186928 , -0.7661489722988314 , 3.0144741851765398
-14.891080802054129 , -0.7645425424706688 , 3.0046036693990215
-14.901919945464662 , -0.7628315024037284 , 2.994745869440577
-14.912743079434463 , -0.7610146966316615 , 2.9848890792190765
-14.945102474348348 , -0.7549131009951394 , 2.955338899431401
-14.966579802580274 , -0.7503345266247446 , 2.935720153310512
-14.977305958889762 , -0.7479844473177506 , 2.9268534616480126
-14.988004483311952 , -0.7455801224641713 , 2.9190179219728796
-14.998690414762736 , -0.7430952774220371 , 2.9115917989859734
-15.020008968469726 , -0.7379127206709452 , 2.8985280325543483
-15.041343150678124 , -0.732444363017642 , 2.8867638619210303
-15.072721218036595 , -0.7240297245784106 , 2.8712401466545225
-15.093080805776788 , -0.7182572586899844 , 2.861336093229888
-15.113875656459166 , -0.7121380661160315 , 2.8517751304769208
-15.145109512013155 , -0.7025258704908379 , 2.834357936807397
-15.165916022981904 , -0.695760077547747 , 2.8221737121132744
-15.17629966804289 , -0.6923081664567018 , 2.816312114055936
-15.186685464308871 , -0.6887434356280647 , 2.810061405463503
-15.207452175214694 , -0.6814306850168298 , 2.799134700634838
-15.228081767111155 , -0.6739062614704726 , 2.7887252155232125
-15.258787050773819 , -0.6623426442699755 , 2.774440408603774
-15.279186221607123 , -0.6543743132310811 , 2.7639351524645472
-15.289429230446386 , -0.6502731667623535 , 2.7587506376160014
-15.299633233822007 , -0.6461078080873709 , 2.753394138971303
-15.319909548789923 , -0.6377043278704805 , 2.74275586758597
-15.349955007891193 , -0.6246877101944767 , 2.724793059160352
-15.36916948700225 , -0.6160790920077311 , 2.7151657048118643
-15.378739413093088 , -0.6117065707905768 , 2.710753878130424
-15.388237511528569 , -0.6073137081256281 , 2.70530452883518
-15.407297173467365 , -0.5983025698146499 , 2.695901168775963
-15.426938666601309 , -0.5888201804705351 , 2.6859821203243346
-15.446615139649643 , -0.579015193212349 , 2.6760699258049536
-15.466101767573306 , -0.5691218567769808 , 2.6663391145057056
-15.49516972439955 , -0.5538860578312986 , 2.647996552240978
-15.513756974882329 , -0.5437274007157884 , 2.637287494553052
-15.523355803501344 , -0.5384030724162364 , 2.6334814156804125
-15.532991752618095 , -0.5330171222104354 , 2.6294477665355105
-15.552079102656593 , -0.5221911293667105 , 2.619277039953065
-15.580525796946727 , -0.505501465041109 , 2.605920580551136
-15.59905209051591 , -0.494454117701996 , 2.5988781280647366
-15.608099065986563 , -0.4890018666889986 , 2.5957174469732864
-15.617047457144151 , -0.48354605834040826 , 2.5925841381687027
-15.634705934150405 , -0.472678623026438 , 2.585430782944521
-15.659552353418208 , -0.4570725170372483 , 2.574753289177039
-15.683952177849537 , -0.44145193525377735 , 2.563443056636223
-15.6995448459545 , -0.4311916292036085 , 2.5545894118881143
-15.707329462930286 , -0.42596826152150635 , 2.55046723540145
-15.715012821629678 , -0.42081331811686534 , 2.5470837263375294
-15.722543163891991 , -0.41574997586856216 , 2.543486663430138
-15.736949904136633 , -0.4058774706143872 , 2.5359780472043174
-15.750876830646684 , -0.39623258468371664 , 2.5283289636333333
-15.76480889750174 , -0.386350212626015 , 2.5209932615230097
-15.784976937190994 , -0.3717899110308473 , 2.5079713249873827
-15.798088778914414 , -0.36211994175352974 , 2.4986521155063426
-15.804576092831265 , -0.3573055695402741 , 2.494513259637647
-15.810919974938859 , -0.352496816627475 , 2.4903977899056353
-15.829252991010009 , -0.3383655587029318 , 2.477058344224982
-15.840792087654007 , -0.32930781294777506 , 2.4707175931176764
-15.846322288666745 , -0.32494362008846867 , 2.467378434262695
-15.851721850667188 , -0.3206144796654381 , 2.464186680235529
-15.857103630169716 , -0.31627388138744106 , 2.4603539207460194
-15.872878973805632 , -0.3033729959349378 , 2.447411393351824
-15.883043330797843 , -0.29486892046356955 , 2.4392969084428047
-15.888011309782597 , -0.29069718703021336 , 2.4350738351975094
-15.892918304832628 , -0.28651263046837994 , 2.430395517565815
-15.902475474831844 , -0.2782275565944542 , 2.4206584804103954
-15.911770475739331 , -0.2700533374759491 , 2.4115962702328417
-15.920865920211188 , -0.26187085286242523 , 2.4013861796586795
-15.934324102791608 , -0.24945065338065056 , 2.3872477229290716
-15.943000268428337 , -0.24118900016056555 , 2.377658032606953
-15.94723900089235 , -0.2371212313591621 , 2.3721986687375796
-15.951411292526807 , -0.23306666095588624 , 2.3667338871725883
-15.959575883044115 , -0.2250400974731014 , 2.357246456833985
-15.967497942092061 , -0.21717101670833636 , 2.3489466416287463
-15.975257444234055 , -0.20932443806423975 , 2.3395890442262886
-15.986373991766106 , -0.19776674922643978 , 2.32657755347354
-15.99354156656078 , -0.19015431595274507 , 2.317662593178595
-16.000541600577268 , -0.18260587096548486 , 2.3091466896311763
-16.007237242993735 , -0.17524735846107253 , 2.3003114874033037
-16.01678580154214 , -0.16453964879540556 , 2.286690771760136
-16.022909413044275 , -0.15746217856177122 , 2.2775522830283808
-16.02580157534316 , -0.15400750796402163 , 2.272822683993428
-16.02865595347802 , -0.1506378557702025 , 2.267578503210629
-16.034252878239272 , -0.14391663668455243 , 2.2567268158935727
-16.03964684981796 , -0.1372274881457741 , 2.2451609007888633
-16.04482794966369 , -0.13074779290426253 , 2.2366002643889358
-16.052278370144958 , -0.12127297718165692 , 2.2236115483778116
-16.056909838650203 , -0.11512201959365352 , 2.213593480406189
-16.059208004961327 , -0.11208905249679271 , 2.208981827854907
-16.061456267684186 , -0.10907234789682402 , 2.204951944076748
-16.06367344390721 , -0.1060229323519726 , 2.2001658181787667
-16.068113928465365 , -0.0998786180336672 , 2.1910010891030307
-16.07441935583632 , -0.0909204517435676 , 2.1762587938830555
-16.07832026864233 , -0.08525560995594975 , 2.1671260505985837
-16.080172316274435 , -0.08254475908062578 , 2.162631515685917
-16.081995927546025 , -0.07982286333438239 , 2.1580830634667003
-16.085581657467365 , -0.0744198512730756 , 2.148864904788856
-16.090809639883034 , -0.06629455351016766 , 2.135033933297313
-16.094139822609044 , -0.061022051451589024 , 2.1260829639063097
-16.095738254898375 , -0.0584037116010971 , 2.121059364829586
-16.097323909909356 , -0.055816503482810614 , 2.1158349757712918
-16.098844992013706 , -0.05331532197313959 , 2.1108889535802313
-16.103123820735956 , -0.04600355084506591 , 2.0963186722734966
-16.10587338589034 , -0.04116089321962136 , 2.086203477858629
-16.107219300407074 , -0.03879862283604474 , 2.0809085441735347
-16.11108467086894 , -0.03176224378522577 , 2.065283957958426
-16.11349770892725 , -0.02731636395605652 , 2.057191611219549
-16.114640181176696 , -0.02513068133764532 , 2.0529925882475246
-16.115757563208152 , -0.022926238377370154 , 2.048376216885574
-16.1168768208026 , -0.02079571845918678 , 2.042879773260312
-16.11998710384639 , -0.014494242383678795 , 2.0268520627177127
-16.121000725982952 , -0.01241883682524391 , 2.021647601431028
-16.122003138878878 , -0.010368462533668799 , 2.0163856749374367
-16.12397368077955 , -0.00616109114076508 , 2.005651688895445
-16.125910441933993 , -0.002037987443618579 , 1.9950107141658173
-16.127621465739985 , 0.0018239736724891132 , 1.983583323314077
-16.12928310271606 , 0.005620909803047381 , 1.972910519275001
-16.130056164431334 , 0.007467444264489356 , 1.9680719201562256
-16.130820819950422 , 0.009334065379187958 , 1.963243543267212
-16.132325984883014 , 0.013116387825580694 , 1.9532637471644454
-16.13444051045923 , 0.01854719448871442 , 1.9391194544256287
-16.13570600689213 , 0.021975305092873938 , 1.9298635658764889
-16.138189057266818 , 0.028809057701106245 , 1.9108879920885338
-16.139850104120775 , 0.0337341954511177 , 1.8967027764701005
-16.140916715871267 , 0.03695793767177173 , 1.8867974961732132
-16.141386558078295 , 0.03847645141712333 , 1.8818261757014814
-16.14272529431638 , 0.04284307347023545 , 1.86727387739416
-16.14354497207621 , 0.04582636352432555 , 1.8572671946032964
-16.14396686947594 , 0.04729537170684468 , 1.8523698425825745
-16.144391440225224 , 0.048793719804921955 , 1.8464242203184573
-16.14477118201503 , 0.05025764099214267 , 1.8401838054548263
-16.14546438506142 , 0.05314652255263583 , 1.8289227055112518
-16.146206942377965 , 0.055932284200739195 , 1.8170481629839592
-16.147097465792676 , 0.059944414518143536 , 1.7998880718795196
-16.14796582470502 , 0.06381450175522546 , 1.7860617450823635
-16.148437564247274 , 0.06636541644382557 , 1.7768961829586665
-16.14892502981692 , 0.06890481873937288 , 1.7682285202024828
-16.14913738809154 , 0.0700923702255374 , 1.7631393768573682
-16.14933624872654 , 0.07117682019574252 , 1.7581628318810898
-16.149748249991802 , 0.07361971604402731 , 1.7488881775553111
-16.15013514135815 , 0.07596744767997292 , 1.7401189667877046
-16.150490476517774 , 0.07818994369640028 , 1.7327093764018966
-16.15095608417883 , 0.08163596999269164 , 1.7201426455794533
-16.151210876648577 , 0.0836893861450432 , 1.710987333747046
-16.151330377151673 , 0.08474773996527328 , 1.7067535996096348
-16.151465150506333 , 0.08576206324946349 , 1.7024883291171065
-16.15158496441593 , 0.08677496338898283 , 1.6983418699256114
-16.15170953253092 , 0.08780202895301366 , 1.6940924204483219
-16.15182587697411 , 0.08878272425932802 , 1.689267810107341
-16.152069768636384 , 0.09172531954536797 , 1.6738929010570796
-16.152209344161978 , 0.09370345987934765 , 1.663787580543752
-16.1523170802542 , 0.0955906940679629 , 1.6536044797989313
-16.152416721039767 , 0.09763727623844276 , 1.643811817136397
-16.152524589600738 , 0.09961674490763632 , 1.634896738986689
-16.15263042991703 , 0.10158997927031801 , 1.6253962891962483
-16.152717240572812 , 0.10356566299648208 , 1.6165957844824534
-16.15273666091902 , 0.10457365990661745 , 1.612783199286957
-16.152779312687287 , 0.1055354864119611 , 1.6087878052437765
-16.152792023891788 , 0.1065282810988373 , 1.604311214889088
-16.15286600621666 , 0.10847598311352909 , 1.5960003510977943
-16.15288371222495 , 0.10949244766786913 , 1.5933426564725106
-16.152903486175262 , 0.11049104541482045 , 1.59324712504469
-16.15294813591319 , 0.11249380173057923 , 1.5932510880418047
-16.152992639199773 , 0.11449487385172971 , 1.5932746355286167
-16.153060099890084 , 0.11749548737948562 , 1.5932741495713232
-16.153097828820016 , 0.11922695677283002 , 1.5933014396312168
-16.15309728194554 , 0.11924044683252251 , 1.5933498053135111
-16.153091374285154 , 0.11925666082509306 , 1.5940461645094968
-16.153103104850075 , 0.11925697726075925 , 1.5960310841366772
-16.153101234654027 , 0.11925134743171054 , 1.5982449684726627
-16.15310317331166 , 0.11923947059244974 , 1.603113139509965
-16.153117202782077 , 0.1192379782433595 , 1.6079076614591479
-16.15310948767762 , 0.1192534072997156 , 1.615459100974464
-16.153118324221953 , 0.11922498811743953 , 1.6224392968989114
-16.153115887082084 , 0.1192617168554096 , 1.6263439773589436
-16.153111402692687 , 0.11927378873776556 , 1.6285612989721447
-16.153112167508883 , 0.11929626012839653 , 1.6307284530336617
-16.15312140223985 , 0.11929658557596738 , 1.635545280537749
-16.15313242641517 , 0.11929450732680337 , 1.6399338127407355
-16.153130705360194 , 0.11930208100649813 , 1.6445102958821236
-16.153146722093492 , 0.11930562902408595 , 1.6492292411807812
-16.153154710761218 , 0.1193035180539237 , 1.656305750070285
-16.153173626289284 , 0.11931243350080503 , 1.661092050355803
-16.15317518590699 , 0.11931433586214257 , 1.6633770665320302
-16.15317530460406 , 0.11932998788249555 , 1.6651591549757516
-16.153186127322307 , 0.11934151013087801 , 1.6694668241438666
-16.15319774616399 , 0.11934746099959091 , 1.6739274401206885
-16.153190834805763 , 0.11934178483149761 , 1.6787767775496125
-16.15321361471883 , 0.11934073627784045 , 1.683500251845451
-16.153230413828577 , 0.11936996553761234 , 1.687717891761869
-16.153249274953936 , 0.11936000497362316 , 1.6920899115496915
-16.15327227023976 , 0.11939329845107961 , 1.698857978131382
-16.153288822853032 , 0.11939249228113905 , 1.7013427521283784
-16.153293819807516 , 0.11939220893205461 , 1.7036448643745739
-16.15329419465436 , 0.11940680274849226 , 1.705897119269994
-16.15331206556301 , 0.1194249403020875 , 1.7109080335988023
-16.15332972115405 , 0.11941333157948009 , 1.7158684161564481
-16.153334913455435 , 0.11943299372152665 , 1.7234198975284811
-16.153354657786355 , 0.11947580412993104 , 1.7303209924457272
-16.15335845804403 , 0.11947755785593865 , 1.7325841078525546
-16.153372969852462 , 0.11949440828042536 , 1.7371181190999025
-16.153393082833375 , 0.1195142310055245 , 1.7414024233604417
-16.15339925598627 , 0.11952719286155293 , 1.7435579604957085
-16.153407469703225 , 0.11953101470696921 , 1.748255084392118
-16.15342470009163 , 0.11953847579561225 , 1.7527167600417837
-16.153447620887658 , 0.11955550573828749 , 1.7571506905088405
-16.15345193112805 , 0.11956104122545919 , 1.7594292366103292
-16.15347103866766 , 0.11955761012391175 , 1.7618117931087605
-16.15346694925578 , 0.1195506176191051 , 1.7640590249215147
-16.153492386255706 , 0.11952601982421923 , 1.7707581897537705
-16.153512711980298 , 0.11956988942424097 , 1.7780804264270307
-16.153504744594382 , 0.11957110224899309 , 1.7822784486104926
-16.153528769829464 , 0.11954711184784121 , 1.7917815383823565
-16.153547888080972 , 0.11955120975665218 , 1.7965054401689298
-16.15356238468962 , 0.11955447811730191 , 1.8012478012381006
-16.153571994111005 , 0.11955200095751475 , 1.805810287962877
-16.153585334598553 , 0.11958142024751038 , 1.8105231226996026
-16.15360896592483 , 0.11958919030780489 , 1.8171763747167977
-16.153652047169075 , 0.11958061786352371 , 1.8242324820410547
-16.15366602508611 , 0.11957751429867153 , 1.8290964875102007
-16.15366719662045 , 0.11957468333894292 , 1.8313604211212464
-16.15369202727763 , 0.11957597317734944 , 1.8337217739475296
-16.153722741650274 , 0.11956244895120231 , 1.8388724327081973
-16.153754915089372 , 0.11957286280880122 , 1.8440039263735641
-16.1537636657617 , 0.1195909714195954 , 1.8489166048016128
-16.153760666925507 , 0.11961485388536952 , 1.854464078617724
-16.153779294703067 , 0.11963625577756754 , 1.8593291778993097
-16.1538176507571 , 0.11962249563788835 , 1.866668226531192
-16.15383436840419 , 0.11963696716880029 , 1.871771668949638
-16.15383321901004 , 0.1196371199565863 , 1.8740396072526515
-16.15385048217981 , 0.11963436654559073 , 1.8761785484131697
-16.153858172453358 , 0.11964525179407412 , 1.8783872789876
-16.1538689857035 , 0.11964139780017982 , 1.8849505679094127
-16.153883129657256 , 0.11963378698408333 , 1.8901205585527983
-16.153896649316223 , 0.11963969884144823 , 1.8930629125788665
-16.153910028579823 , 0.11963790447448554 , 1.8955158333119073
-16.153924846905667 , 0.11961792649099887 , 1.9004163606342879
-16.15393736874668 , 0.11961614250871057 , 1.9029764028392488
-16.153927382769034 , 0.11960374805862303 , 1.9056930691779026
-16.153948806634613 , 0.1196080199412778 , 1.9087781992326178
-16.15394912927769 , 0.11960044302781847 , 1.9112595831095345
-16.15400338271417 , 0.11960572845141786 , 1.9160665932643481
-16.154014329694213 , 0.11958645017300236 , 1.9209995845062764
-16.154016623005862 , 0.11959531613516043 , 1.9267375070609782
-16.154041253490924 , 0.11960078251439758 , 1.9295588856445367
-16.15405487000154 , 0.11959902082870665 , 1.9323326775060494
-16.154062603078774 , 0.11958796065974897 , 1.9380331065773493
-16.1540841313088 , 0.11958340234599046 , 1.94330594727563
-16.154101931263913 , 0.11958533806125186 , 1.9487522330813414
-16.154130994337013 , 0.11959862902055282 , 1.9560462124990297
-16.154141824452115 , 0.11960480737644594 , 1.9630381146800646
-16.154152159324976 , 0.11959616130329634 , 1.9654008543579622
-16.154176373865365 , 0.11962546215900631 , 1.9726934806247043
-16.154174949936984 , 0.11962618968991975 , 1.977496099724043
-16.154192766147467 , 0.11961379245420013 , 1.980021503473651
-16.154201763292313 , 0.11960714371324076 , 1.9824837977001466
-16.154218366228235 , 0.1195948491494281 , 1.986954487487057
-16.154236210861814 , 0.11957424049399405 , 1.9919532093423027
-16.15424446959391 , 0.11957006897365184 , 1.9943491275210388
-16.154246170642885 , 0.11957938081677248 , 1.9967073183899207
-16.15425968855071 , 0.1195849467719954 , 2.0011499647108955
-16.15425687380616 , 0.11960206713385664 , 2.0057448639045594
-16.154280882304224 , 0.11962743218447575 , 2.0101905752500038
-16.15430017556468 , 0.1196371967524082 , 2.017260468936535
-16.154326569786086 , 0.11963785391417901 , 2.02182550430037
-16.15432494462474 , 0.11964456695389428 , 2.024017697435189
-16.15433362772788 , 0.11965705653949468 , 2.0260272155032375
-16.154337701286867 , 0.11965080432145757 , 2.0282727571970933
-16.154333744464328 , 0.11964769356107065 , 2.030510639740868
-16.15435424491596 , 0.11964846608600177 , 2.0356675636628956
-16.15436590958176 , 0.11964619218764286 , 2.0402783839272844
-16.154376324286584 , 0.11964570022317579 , 2.0427050603780144
-16.154386332014656 , 0.11964331676251783 , 2.0472801844256154
-16.154407575002196 , 0.11965048769673785 , 2.049716730583102
-16.154411149527984 , 0.11965451537920399 , 2.0520075646476315
-16.15442561801918 , 0.11965872441836714 , 2.054396713522998
-16.1544416311167 , 0.11965510489939057 , 2.058916080399335
-16.15447492757573 , 0.11965433438539458 , 2.063892898588999
-16.154509194683705 , 0.11965728015239863 , 2.071241874164996
-16.154512719412004 , 0.11966189909218906 , 2.0760452569767307
-16.154525977267152 , 0.11966985906574645 , 2.0783648031671857
-16.15451944163578 , 0.11966536944211838 , 2.080471061137698
-16.15452951777848 , 0.11967004532240569 , 2.084856599813974
-16.154546929438983 , 0.11966340213669102 , 2.0896458126004696
-16.154554130364467 , 0.11968549714829364 , 2.0962396426449232
-16.15457406724854 , 0.11968817894220825 , 2.1009486885199755
-16.154584568289195 , 0.1196979076773805 , 2.1031359405667223
-16.154607141432592 , 0.11969370231469836 , 2.1101500512627585
-16.15462060103581 , 0.11969948916972341 , 2.1144588866763323
-16.15462909985301 , 0.11971893466404611 , 2.1167397839997486
-16.154630055292632 , 0.11973210271309585 , 2.1192298291164615
-16.15464028748189 , 0.1197440405192902 , 2.12172679914527
-16.154651601412034 , 0.1197440668450208 , 2.130493696737692
-16.15466593183691 , 0.11974108121374903 , 2.1350591137399952
-16.154682189478923 , 0.11974445675899045 , 2.1375221773130324
-16.154689189507355 , 0.11975131708388077 , 2.1397363332852786
-16.154709683652786 , 0.11975842700972436 , 2.144034888031012
-16.15471825793466 , 0.11977300708482123 , 2.1490732231329526
-16.1547377611031 , 0.11978350528495935 , 2.1532591173586866
-16.154736537038033 , 0.1197841160990487 , 2.1580829741113248
-16.15474474845993 , 0.11977938793897648 , 2.1623833469896616
-16.154756874069435 , 0.11977412626889065 , 2.1667421193123304
-16.15478019260508 , 0.119771975571625 , 2.1716346053475277
-16.154782567631838 , 0.11976354657870944 , 2.1763096831224034
-16.15479623574167 , 0.11976152222358917 , 2.1786797772111135
-16.154798839643497 , 0.11976228444611749 , 2.1810165544916154
-16.15480006223674 , 0.1197665509581256 , 2.183062164967989
-16.15479320237515 , 0.11976778710802728 , 2.189697361963307
-16.15479737784797 , 0.11977149896638367 , 2.1939430049672026
-16.15480521188506 , 0.11977080241720348 , 2.1963976963254885
-16.154805464904722 , 0.11978197497187033 , 2.198220736659542
-16.154818380982114 , 0.11978096286851475 , 2.200219376102656
-16.154818568307856 , 0.11978813741556835 , 2.2072242735179564
-16.15481292161945 , 0.11978591545646158 , 2.2111815872404046
-16.15480413558719 , 0.11977807052577982 , 2.213446759973252
-16.154810297193464 , 0.11977586771626164 , 2.2157280720306463
-16.154821115148227 , 0.11978624572154155 , 2.2203483194360643
-16.154826604854833 , 0.11976011792165332 , 2.2254280638877764
-16.154820655158968 , 0.1197639716316749 , 2.22754444214415
-16.15483935920747 , 0.11977047475568252 , 2.2320427739051465
-16.1548390242922 , 0.11977845219747657 , 2.2388447123085564
-16.154846507551223 , 0.11978693860833337 , 2.240896655339105
-16.154848606233546 , 0.11977605833749928 , 2.243211138332078
-16.15484787237533 , 0.11977261981671317 , 2.2482852419532255
-16.154842441988972 , 0.11976727861169677 , 2.2506825859107598
-16.15485630913918 , 0.11975452347671535 , 2.2534198607250993
-16.15485498558249 , 0.11975226705498701 , 2.2586337257405225
-16.154848071129898 , 0.11976223595572281 , 2.262852902667295
-16.154834398392428 , 0.11973759773015072 , 2.2676409408001783
-16.15485528342263 , 0.11972479999802305 , 2.2752856766009364
-16.154844391722303 , 0.119714586897125 , 2.279837090169005
-16.15485982734065 , 0.11971721896728599 , 2.281957224496445
-16.154852015597402 , 0.11974094286341386 , 2.2839371722278523
-16.154848085113784 , 0.11972277774423329 , 2.2862416863896997
-16.154853373134692 , 0.1197313039289603 , 2.2911103079804804
-16.154842482304115 , 0.1197302616574157 , 2.295467159922112
-16.154835129255606 , 0.11971960574616486 , 2.3022346513466623
-16.15481695145744 , 0.11970262881603431 , 2.3065551144686407
-16.15482045375913 , 0.11969037553778238 , 2.308927475942885
-16.15484099846635 , 0.11969191503454288 , 2.3131384129888635
-16.154813089101008 , 0.11970966027566118 , 2.3168735252145045
-16.154796570375655 , 0.11967650138591045 , 2.3212156966836544
-16.154780295279487 , 0.11966661931329206 , 2.327467024122739
-16.154764648913133 , 0.11965419061251388 , 2.3336566092168787
-16.154765572334995 , 0.11964438034436843 , 2.336025838247664
-16.15475654308639 , 0.11964003906718619 , 2.3382830122151876
-16.154747590355417 , 0.11963639202689337 , 2.3405330185619704
-16.15472010787319 , 0.11962529450220101 , 2.3472802070103906
-16.15469131076236 , 0.11961346459637576 , 2.3540226653901146
-16.154661185893264 , 0.11960087943826683 , 2.3607602386811832
-16.15465085094281 , 0.11959651743766435 , 2.363004983684256
-16.154640369979912 , 0.11959207228390233 , 2.3652491631464523
-16.154608055294478 , 0.11957823968581721 , 2.3719782573109325
-16.154585790774654 , 0.11956860505453144 , 2.376461403257539
-16.15457444340768 , 0.11956366432795648 , 2.3787020872442146
-16.15456295321374 , 0.11955864154881762 , 2.3809421727759728
-16.154551320669484 , 0.11955353670199037 , 2.3831816558742838
-16.154527630151414 , 0.11954307965306948 , 2.3876588044470606
-16.154491037278767 , 0.119526778137378 , 2.394369929727676
-16.154465942742426 , 0.11951550147262137 , 2.3988409090892118
-16.154453187113234 , 0.11950974083662474 , 2.4010754583458116
-16.154440293220006 , 0.11950389882871741 , 2.403309376903946
-16.15441409259492 , 0.11949197116048878 , 2.407775311502031
-16.154387344811187 , 0.11947971934665055 , 2.4122386933739635
-16.154360053928844 , 0.11946714279965208 , 2.4166995079850917
-16.154332223601568 , 0.11945423999919046 , 2.4211577477354904
-16.15430385783253 , 0.11944101166218703 , 2.425613399769597
-16.15427496074925 , 0.11942745834977063 , 2.4300664529074907
-16.154245536547887 , 0.11941358053009118 , 2.4345168977857763
-16.154230628419228 , 0.11940651995530799 , 2.4367411404608035
-16.154215590392557 , 0.11939937827848905 , 2.438964728746655
-16.15418512676542 , 0.1193848504409836 , 2.4434099414078
-16.154154149466113 , 0.11936999440108427 , 2.4478525396950035
-16.154122662637175 , 0.11935481036670065 , 2.4522925207632955
-16.154090670553405 , 0.11933929840709191 , 2.456729882529064
-16.154058177487364 , 0.1193234585114244 , 2.461164624008004
-16.154025187727388 , 0.1193072904222005 , 2.4655967454027063
-16.153991705001566 , 0.11929079082468408 , 2.4700262598497833
-16.153974779855332 , 0.11928241640025455 , 2.472240042710398
-16.153923275691174 , 0.11925679426643432 , 2.4788774971775505
-16.15388833763194 , 0.11923929670456543 , 2.483299225191424
-16.15387068960749 , 0.1192304229313499 , 2.485509117861843
-16.153852922975805 , 0.1192214656151148 , 2.4877183636245936
-16.153817035334114 , 0.11920329625484757 , 2.4921349260867793
-16.153762324353288 , 0.11917540408116487 , 2.4987549625290733
-16.153743855240833 , 0.11916593617645543 , 2.500960363010925
-16.153725270927193 , 0.11915638288196796 , 2.5031651253534015
-16.153687758614865 , 0.11913701986734247 , 2.5075727383219353
-16.15366883170327 , 0.11912720902981291 , 2.509775590346973
-16.15364979178588 , 0.11911731072349357 , 2.5119778052716737
-16.153630639439722 , 0.1191073250567726 , 2.5141793827186216
-16.153572512890012 , 0.11907684268201278 , 2.520780292579057
-16.153533208679452 , 0.11905608180552392 , 2.5251777147762584
-16.153513391996576 , 0.11904556911739295 , 2.52737547071018
-16.153493465671442 , 0.11903496807928432 , 2.529572596144559
-16.153453281585325 , 0.11901350416685207 , 2.5339650274181773
-16.153412658392934 , 0.11899169134203076 , 2.5383550408786704
-16.153350909677247 , 0.11895831753604276 , 2.5449355235570543
-16.153309208430716 , 0.11893562418151339 , 2.5493194640681898
-16.15328819852438 , 0.11892413132025935 , 2.551510468471591
-16.153267082062452 , 0.11891253878469596 , 2.5537008152857084
-16.15324585907866 , 0.1189008462717719 , 2.555890504367902
-16.15315990408258 , 0.11885307202439316 , 2.564642686965311
-16.15313815113183 , 0.11884088122269873 , 2.5668290946437353
-16.153116298460322 , 0.11882860873374057 , 2.5690148842591394
-16.15309434922551 , 0.11881625769754503 , 2.571200073318881
-16.1530501653901 , 0.11879132088192601 , 2.57556864812869
-16.153005605828664 , 0.11876607016819041 , 2.579934798527632
-16.15296067548671 , 0.11874050409048037 , 2.584298498542835
-16.152938065835137 , 0.1187276006679553 , 2.5864794743214956
-16.152915329823127 , 0.11871459181273022 , 2.5886600436289946
-16.152869416545407 , 0.11868819215118866 , 2.593019956717434
-16.152822888695596 , 0.11866124440282101 , 2.5973781615014198
-16.152775993017677 , 0.11863374281509106 , 2.6017327173072493
-16.152752470720085 , 0.11861984436869878 , 2.6039084922176374
-16.152681609777282 , 0.11857757958457767 , 2.610430152931504
-16.1526341216251 , 0.11854892795841379 , 2.6147732177631315
-16.15261030242034 , 0.11853445941074006 , 2.6169433397574826
-16.15258643269456 , 0.11851989562313411 , 2.6191125223144605
-16.152562512097024 , 0.11850523653682067 , 2.621280765978319
-16.152514516791175 , 0.11847563224797175 , 2.625614438437057
-16.15244213160683 , 0.11843051070748502 , 2.6321079156952885
-16.152432729210414 , 0.11841338324814045 , 2.63416934585409
-16.15241883214653 , 0.1184167454856642 , 2.636249024971943
-16.152405232159996 , 0.11841950242398146 , 2.638056518469972
-16.152397807495685 , 0.11841090924749093 , 2.6420739297132463
-16.152389479491198 , 0.11840088657594733 , 2.6467281337483333
-16.15239140399586 , 0.11839920199929946 , 2.6519884983336426
-16.152380472293476 , 0.1183790314447491 , 2.6565622999982863
-16.15236894505511 , 0.11836211551564069 , 2.663597385869761
-16.15235516361558 , 0.11835444182130903 , 2.668214461320512
-16.152338993973842 , 0.11835126033515392 , 2.672646584202547
-16.15232799533395 , 0.11835433313709702 , 2.6774131212257735
-16.15232369434052 , 0.1183765573437965 , 2.681592616512203
-16.152307343854904 , 0.11837089381016298 , 2.6861752120306712
-16.152305950587724 , 0.11835066684063587 , 2.6934567337152586
-16.15230048199818 , 0.11831794275633539 , 2.700548967151892
-16.15230102363956 , 0.11832324712872783 , 2.7026905389922504
-16.152318384269257 , 0.11833023784412396 , 2.7065249238362714
-16.152315227951846 , 0.1183132367695414 , 2.710983636145637
-16.152315072164928 , 0.1183018401091607 , 2.715233798895467
-16.15229725206976 , 0.11830359180131743 , 2.7173647802586474
-16.152302396829043 , 0.11832593447115472 , 2.719122906921413
-16.15230460272921 , 0.11831822777238311 , 2.7235393483762844
-16.152275304235626 , 0.11831649308470182 , 2.7275717063610596
-16.152299840193578 , 0.11832279864715096 , 2.734248838105803
-16.152297821806634 , 0.11830599632081665 , 2.7391225301080078
-16.152286912636004 , 0.11829764399455248 , 2.7415825416278277
-16.152270212406957 , 0.11830248275291297 , 2.7439280998752524
-16.152258727257085 , 0.11829067987227782 , 2.7485371222285604
-16.152274567594233 , 0.11828498707333797 , 2.7556494890377827
-16.152259662884003 , 0.11827837344822695 , 2.7603730843282257
-16.15225416214784 , 0.11825574978749595 , 2.762883781425033
-16.15224886726491 , 0.11824690392105495 , 2.765258343405395
-16.152233900896896 , 0.11823461192101677 , 2.7698548169120745
-16.152225434469425 , 0.1182355500163751 , 2.772141155068378
-16.152224811489404 , 0.11823497738814343 